AuthorBirthYear,Author,BookTitle,BookWrittenYear
1891,Михаил Булгаков,Мастер и Маргарита,1940
1828,Лев Толстой,Война и мир,1869
1821,Федор Достоевский,Преступление и наказание,1866
1898,Эрих Мария Ремарк,Три товарища,1936
1891,Михаил Булгаков,Собачье сердце,1925
1809,Николай Гоголь,Мёртвые души,1835
1828,Лев Толстой,Анна Каренина,1877
9999,1,TEST,9999
10000,2,TEST,10000
10001,3,TEST,10001
10002,4,TEST,10002
10003,5,TEST,10003
10004,6,TEST,10004
10005,7,TEST,10005
10006,8,TEST,10006
10007,9,TEST,10007
10008,10,TEST,10008
10009,11,TEST,10009
10010,12,TEST,10010
10011,13,TEST,10011
10012,14,TEST,10012
10013,15,TEST,10013
10014,16,TEST,10014
10015,17,TEST,10015
10016,18,TEST,10016
10017,19,TEST,10017
10018,20,TEST,10018
10019,21,TEST,10019
10020,22,TEST,10020
10021,23,TEST,10021
10022,24,TEST,10022
10023,25,TEST,10023
10024,26,TEST,10024
10025,27,TEST,10025
10026,28,TEST,10026
10027,29,TEST,10027
10028,30,TEST,10028
10029,31,TEST,10029
10030,32,TEST,10030
10031,33,TEST,10031
10032,34,TEST,10032
10033,35,TEST,10033
10034,36,TEST,10034
10035,37,TEST,10035
10036,38,TEST,10036
10037,39,TEST,10037
10038,40,TEST,10038
10039,41,TEST,10039
10040,42,TEST,10040
10041,43,TEST,10041
10042,44,TEST,10042
10043,45,TEST,10043
10044,46,TEST,10044
10045,47,TEST,10045
10046,48,TEST,10046
10047,49,TEST,10047
10048,50,TEST,10048
10049,51,TEST,10049
10050,52,TEST,10050
10051,53,TEST,10051
10052,54,TEST,10052
10053,55,TEST,10053
10054,56,TEST,10054
10055,57,TEST,10055
10056,58,TEST,10056
10057,59,TEST,10057
10058,60,TEST,10058
10059,61,TEST,10059
10060,62,TEST,10060
10061,63,TEST,10061
10062,64,TEST,10062
10063,65,TEST,10063
10064,66,TEST,10064
10065,67,TEST,10065
10066,68,TEST,10066
10067,69,TEST,10067
10068,70,TEST,10068
10069,71,TEST,10069
10070,72,TEST,10070
10071,73,TEST,10071
10072,74,TEST,10072
10073,75,TEST,10073
10074,76,TEST,10074
10075,77,TEST,10075
10076,78,TEST,10076
10077,79,TEST,10077
10078,80,TEST,10078
10079,81,TEST,10079
10080,82,TEST,10080
10081,83,TEST,10081
10082,84,TEST,10082
10083,85,TEST,10083
10084,86,TEST,10084
10085,87,TEST,10085
10086,88,TEST,10086
10087,89,TEST,10087
10088,90,TEST,10088
10089,91,TEST,10089
10090,92,TEST,10090
10091,93,TEST,10091
10092,94,TEST,10092
10093,95,TEST,10093
10094,96,TEST,10094
10095,97,TEST,10095
10096,98,TEST,10096
10097,99,TEST,10097
10098,100,TEST,10098
10099,101,TEST,10099
10100,102,TEST,10100
10101,103,TEST,10101
10102,104,TEST,10102
10103,105,TEST,10103
10104,106,TEST,10104
10105,107,TEST,10105
10106,108,TEST,10106
10107,109,TEST,10107
10108,110,TEST,10108
10109,111,TEST,10109
10110,112,TEST,10110
10111,113,TEST,10111
10112,114,TEST,10112
10113,115,TEST,10113
10114,116,TEST,10114
10115,117,TEST,10115
10116,118,TEST,10116
10117,119,TEST,10117
10118,120,TEST,10118
10119,121,TEST,10119
10120,122,TEST,10120
10121,123,TEST,10121
10122,124,TEST,10122
10123,125,TEST,10123
10124,126,TEST,10124
10125,127,TEST,10125
10126,128,TEST,10126
10127,129,TEST,10127
10128,130,TEST,10128
10129,131,TEST,10129
10130,132,TEST,10130
10131,133,TEST,10131
10132,134,TEST,10132
10133,135,TEST,10133
10134,136,TEST,10134
10135,137,TEST,10135
10136,138,TEST,10136
10137,139,TEST,10137
10138,140,TEST,10138
10139,141,TEST,10139
10140,142,TEST,10140
10141,143,TEST,10141
10142,144,TEST,10142
10143,145,TEST,10143
10144,146,TEST,10144
10145,147,TEST,10145
10146,148,TEST,10146
10147,149,TEST,10147
10148,150,TEST,10148
10149,151,TEST,10149
10150,152,TEST,10150
10151,153,TEST,10151
10152,154,TEST,10152
10153,155,TEST,10153
10154,156,TEST,10154
10155,157,TEST,10155
10156,158,TEST,10156
10157,159,TEST,10157
10158,160,TEST,10158
10159,161,TEST,10159
10160,162,TEST,10160
10161,163,TEST,10161
10162,164,TEST,10162
10163,165,TEST,10163
10164,166,TEST,10164
10165,167,TEST,10165
10166,168,TEST,10166
10167,169,TEST,10167
10168,170,TEST,10168
10169,171,TEST,10169
10170,172,TEST,10170
10171,173,TEST,10171
10172,174,TEST,10172
10173,175,TEST,10173
10174,176,TEST,10174
10175,177,TEST,10175
10176,178,TEST,10176
10177,179,TEST,10177
10178,180,TEST,10178
10179,181,TEST,10179
10180,182,TEST,10180
10181,183,TEST,10181
10182,184,TEST,10182
10183,185,TEST,10183
10184,186,TEST,10184
10185,187,TEST,10185
10186,188,TEST,10186
10187,189,TEST,10187
10188,190,TEST,10188
10189,191,TEST,10189
10190,192,TEST,10190
10191,193,TEST,10191
10192,194,TEST,10192
10193,195,TEST,10193
10194,196,TEST,10194
10195,197,TEST,10195
10196,198,TEST,10196
10197,199,TEST,10197
10198,200,TEST,10198
10199,201,TEST,10199
10200,202,TEST,10200
10201,203,TEST,10201
10202,204,TEST,10202
10203,205,TEST,10203
10204,206,TEST,10204
10205,207,TEST,10205
10206,208,TEST,10206
10207,209,TEST,10207
10208,210,TEST,10208
10209,211,TEST,10209
10210,212,TEST,10210
10211,213,TEST,10211
10212,214,TEST,10212
10213,215,TEST,10213
10214,216,TEST,10214
10215,217,TEST,10215
10216,218,TEST,10216
10217,219,TEST,10217
10218,220,TEST,10218
10219,221,TEST,10219
10220,222,TEST,10220
10221,223,TEST,10221
10222,224,TEST,10222
10223,225,TEST,10223
10224,226,TEST,10224
10225,227,TEST,10225
10226,228,TEST,10226
10227,229,TEST,10227
10228,230,TEST,10228
10229,231,TEST,10229
10230,232,TEST,10230
10231,233,TEST,10231
10232,234,TEST,10232
10233,235,TEST,10233
10234,236,TEST,10234
10235,237,TEST,10235
10236,238,TEST,10236
10237,239,TEST,10237
10238,240,TEST,10238
10239,241,TEST,10239
10240,242,TEST,10240
10241,243,TEST,10241
10242,244,TEST,10242
10243,245,TEST,10243
10244,246,TEST,10244
